rank,scaffold_smiles,n_molecules,pct_of_419
1,c1ccccc1,99,23.627684964200476
2,<acyclic_empty_scaffold>,22,5.250596658711217
3,c1ccc2c(N3CCc4c(nc(OCC5CCCN5)nc4N4CCNCC4)C3)cccc2c1,19,4.534606205250597
4,C1=Nc2ccccc2CO1,17,4.05727923627685
5,C=C1CCN(c2ccccc2)C1=O,12,2.863961813842482
6,O=C(NCc1ccccc1)N1C(=O)c2ccccc2S1(=O)=O,11,2.6252983293556085
7,c1nc(-c2ccc3c(c2)CCC3)c2cc[nH]c2n1,10,2.386634844868735
8,c1ccc(Nc2ccnc(Nc3ccccc3)n2)cc1,7,1.6706443914081146
9,O=C(Cn1ncccc1=O)Nc1cccc(S(=O)(=O)NCCc2ccccn2)c1,7,1.6706443914081146
10,c1ccc(Nc2nccc(-c3c[nH]c4ccccc34)n2)cc1,6,1.431980906921241
11,c1ccc(COC2CNC2)cc1,6,1.431980906921241
12,c1ccncc1,6,1.431980906921241
13,O=C(CNc1ccccc1)N1CCNCC1,5,1.1933174224343674
14,c1ccc(Nc2nccc(-c3cnn4ccccc34)n2)cc1,5,1.1933174224343674
15,c1cc(N2CCc3c(nc(OCC4CCCN4)nc3N3CCNCC3)C2)c2cn[nH]c2c1,5,1.1933174224343674
16,c1cc2c(OCC3CCNC3)nc(Nc3cn[nH]c3)nc2[nH]1,5,1.1933174224343674
17,C1CCNC1,5,1.1933174224343674
18,c1ccc(-c2ccccc2)cc1,4,0.954653937947494
19,c1cc(N2CCOCC2)ncn1,4,0.954653937947494
20,c1ccc(Nc2ncnc3ccccc23)cc1,4,0.954653937947494
21,c1ccc(-n2cc(-c3cccc4[nH]ncc34)cn2)cc1,4,0.954653937947494
22,C1CNC1,3,0.7159904534606205
23,c1nc(-c2ccc3c(c2)CCCO3)c2cc[nH]c2n1,3,0.7159904534606205
24,O=C(Nc1ccccn1)c1ccc(-c2nc(C3CCCN3)n3ccncc23)cc1,3,0.7159904534606205
25,c1ccc(Nc2cc(N3CCOCC3)ncn2)cc1,3,0.7159904534606205
26,c1ccc(Oc2nc(Nc3cn[nH]c3)nc3[nH]ccc23)cc1,3,0.7159904534606205
27,O=S(=O)(NC1CCc2cc(-c3ncnc4[nH]ccc34)ccc21)c1ccccc1,3,0.7159904534606205
28,c1cncnc1,3,0.7159904534606205
29,c1ccc(Nc2ncnc3cc(OC4CCOC4)ccc23)cc1,2,0.477326968973747
30,C1CCNCC1,2,0.477326968973747
31,C1COCCN1,2,0.477326968973747
32,O=C(NCc1ccccc1)C1CC(Sc2ccccc2)CN1,2,0.477326968973747
33,O=C(Nc1ccc2nccc(Nc3ccccc3)c2c1)C1CCCN1,2,0.477326968973747
34,O=S(=O)(C=Cc1ccccc1)N1CCNCC1,2,0.477326968973747
35,c1ccc(Nc2ncnc3ccc(OC4CCNCC4)cc23)cc1,2,0.477326968973747
36,c1ccc(N2CCNCC2)cc1,2,0.477326968973747
37,c1ccc(Oc2ccc(-c3nn(C4CCCNC4)c4ncncc34)cc2)cc1,2,0.477326968973747
38,C1=Nc2ccccc2CCO1,2,0.477326968973747
39,c1nc2c(Nc3cn[nH]c3)nc(N3CCCC3)nc2[nH]1,2,0.477326968973747
40,c1cc2c(NC3CCNC3)nc(Nc3cn[nH]c3)nc2[nH]1,2,0.477326968973747
41,c1nc2c(Nc3cn[nH]c3)nc(NC3CCNC3)nc2[nH]1,2,0.477326968973747
42,c1ccc(-c2c[nH]c3ncnc(-c4ccc5c(c4)CCC5)c23)cc1,2,0.477326968973747
43,c1nc(NC2CCOCC2)nc2c1CCNC2,2,0.477326968973747
44,O=C1C=CCN1,2,0.477326968973747
45,c1cc(N2CCNCC2)ncn1,2,0.477326968973747
46,c1ccc2c(c1)CCNC2,2,0.477326968973747
47,c1ccc(Nc2nccc(-c3cnc4ccccn34)n2)cc1,2,0.477326968973747
48,c1ccsc1,2,0.477326968973747
49,O=C(CNc1ccccc1)N1CCCCC1,2,0.477326968973747
50,c1ccc(C2CO2)cc1,2,0.477326968973747
51,O=C1NC(=O)c2ccccc21,2,0.477326968973747
52,O=C(NCc1cccc2ccccc12)N1C(=O)c2ccccc2S1(=O)=O,1,0.2386634844868735
53,C1CNCCN1,1,0.2386634844868735
54,c1nc(N2CCCCC2)cc(N2CCOCC2)n1,1,0.2386634844868735
55,c1nc(N2CCCC2)cc(N2CCOCC2)n1,1,0.2386634844868735
56,c1nc(NC2CCCC2)cc(N2CCOCC2)n1,1,0.2386634844868735
57,c1ccn2ncc(-c3ccnc(Nc4ccc(N5CCC5)cc4)n3)c2c1,1,0.2386634844868735
58,O=C(Cn1ncccc1=O)Nc1cccc(S(=O)(=O)N2CCCCCC2)c1,1,0.2386634844868735
59,c1ccn2ncc(-c3ccnc(Nc4ccc(N5CCCC5)cc4)n3)c2c1,1,0.2386634844868735
60,O=C(Cn1ncccc1=O)Nc1ccccc1,1,0.2386634844868735
61,C=C1C(=O)CC(=O)N1Cc1ccccc1,1,0.2386634844868735
62,c1ccc2ocnc2c1,1,0.2386634844868735
63,C1=Nc2ccccc2OC1,1,0.2386634844868735
64,C1NCC12COC2,1,0.2386634844868735
65,C1=NCc2ccccc2O1,1,0.2386634844868735
66,c1ccc(Oc2nc(Nc3ccc(N4CCNCC4)cc3)nc3[nH]ccc23)cc1,1,0.2386634844868735
67,c1ccc(Oc2nc(Nc3cc[nH]n3)nc3[nH]ccc23)cc1,1,0.2386634844868735
68,c1ccc(COC2CCNC2)cc1,1,0.2386634844868735
69,c1ccc(C2CCNCC2)cc1,1,0.2386634844868735
70,c1ccc(CN2CCCNCC2)cc1,1,0.2386634844868735
71,c1ccc(OCC2CNC2)cc1,1,0.2386634844868735
72,c1ccc(CCC2CNC2)cc1,1,0.2386634844868735
73,c1ccc(CC2CNC2)cc1,1,0.2386634844868735
74,c1ccc(CNC2CNC2)cc1,1,0.2386634844868735
75,O=c1ocnc2ccccc12,1,0.2386634844868735
76,C1=Nc2ccccc2C2(CCNCC2)O1,1,0.2386634844868735
77,O=S(=O)(NC1CCc2cc(-c3ncnc4[nH]ccc34)ccc21)c1ccn[nH]1,1,0.2386634844868735
78,c1cc(N2CCC2)ncn1,1,0.2386634844868735
79,c1ccc(-c2cc(-c3cccc4[nH]ncc34)[nH]n2)cc1,1,0.2386634844868735
80,c1cc(-c2cnn(C3CC4(CNC4)C3)c2)c2cn[nH]c2c1,1,0.2386634844868735
81,O=C1NS(=O)(=O)c2ccccc21,1,0.2386634844868735
82,O=C(NCc1cccs1)N1C(=O)c2ccccc2S1(=O)=O,1,0.2386634844868735
83,O=C(NCCc1ccccc1)N1C(=O)c2ccccc2S1(=O)=O,1,0.2386634844868735
84,O=S1(=O)CCC(Nc2ccncn2)C1,1,0.2386634844868735
85,C=C1CCCNC1=O,1,0.2386634844868735
86,C=C1CCCN(c2ccccc2)C1=O,1,0.2386634844868735
87,c1cnc2c(c1)CNC2,1,0.2386634844868735
88,c1cc(-c2cnc[nH]2)nc(NC2CCNCC2)n1,1,0.2386634844868735
89,c1ccc(COc2ccc(Nc3ccnc4ccccc34)cc2)nc1,1,0.2386634844868735
90,c1ccc(Nc2ccnc3ccccc23)cc1,1,0.2386634844868735
91,C=C(CN1CCOCC1)C(=O)Nc1cccc(Nc2nccc(Nc3ccccc3)n2)c1,1,0.2386634844868735
92,c1ccn2ncc(-c3ccnc(Nc4cc[nH]n4)n3)c2c1,1,0.2386634844868735
93,O=C1C=Cc2ccccc2C1=O,1,0.2386634844868735
94,O=C1C=CC(=O)c2ccccc21,1,0.2386634844868735
95,O=C1C=CC(=O)C=C1,1,0.2386634844868735
96,O=C1C=CC(=O)N1c1ccccc1,1,0.2386634844868735
97,O=C1C=CC(=O)N1C1CCCCC1,1,0.2386634844868735
98,O=C1C=CC(=O)N1,1,0.2386634844868735
99,c1cc(-c2n[nH]c3c2C2CCC(C3)N2)ccn1,1,0.2386634844868735
100,O=C1C=CCO1,1,0.2386634844868735
101,O=S(=O)(C=Cc1ccccc1)c1ccccc1,1,0.2386634844868735
102,C(=NNc1ccccc1)c1ccc2ccccc2n1,1,0.2386634844868735
103,c1ccc2nncnc2c1,1,0.2386634844868735
104,c1ccc(-c2ccon2)cc1,1,0.2386634844868735
105,O=C(NCc1ccccc1)c1ccccc1,1,0.2386634844868735
106,c1ccc(Nc2ncnc3cc(OCCCN4CCOCC4)ccc23)cc1,1,0.2386634844868735
107,O=C(COc1ccccc1)N1CCCCC1,1,0.2386634844868735
108,O=C(CNc1ccccc1)N1CC2CC1CN2,1,0.2386634844868735
109,c1ccc2cnccc2c1,1,0.2386634844868735
110,O=C1C=CCC1,1,0.2386634844868735
111,O=C1C=CCCC1,1,0.2386634844868735
112,C1=CCCCC1,1,0.2386634844868735
113,C1=CCC1,1,0.2386634844868735
114,c1nncs1,1,0.2386634844868735
115,c1nc(NC2CCOC2)cc(N2CCOCC2)n1,1,0.2386634844868735
116,c1nc(NC2CC3CCC2C3)cc(N2CCOCC2)n1,1,0.2386634844868735
117,c1nc(NC2CCCCC2)cc(N2CCOCC2)n1,1,0.2386634844868735
118,c1ccn2ncc(-c3ccnc(Nc4ccc(N5CCNCC5)cc4)n3)c2c1,1,0.2386634844868735
119,O=S1(=O)C=CCN1,1,0.2386634844868735
120,c1ccc(CC2CO2)cc1,1,0.2386634844868735
121,c1ccc(-c2ncn(CC3CCCN3)c2-c2cc3cncnc3s2)cc1,1,0.2386634844868735
122,c1ccc2ncccc2c1,1,0.2386634844868735
123,c1ccc2c(c1)nnn2-c1cncc(-c2cnn(C3CCNCC3)c2)n1,1,0.2386634844868735
124,N=C(NCc1ccccc1)c1ccc2ccccc2n1,1,0.2386634844868735
125,c1ccc(Cc2ccccc2)cc1,1,0.2386634844868735
126,c1cnccn1,1,0.2386634844868735
127,c1ccc(-c2cscn2)cc1,1,0.2386634844868735
128,O=c1[nH]sc2ccccc12,1,0.2386634844868735
129,O=S(=O)(NCc1ccccc1)c1ccccc1,1,0.2386634844868735
130,O=S(=O)(Nc1ccccc1)c1ccccc1,1,0.2386634844868735
131,c1ccc(CC2CCNCC2)cc1,1,0.2386634844868735
132,c1ccc(-c2cnc(N3CCNCC3)nc2)cc1,1,0.2386634844868735
133,O=S1(=O)C=CCCN1,1,0.2386634844868735
134,C1=Nc2ccccc2CN1,1,0.2386634844868735
135,c1ccc2c(c1)CCN2,1,0.2386634844868735
136,c1ccc(-c2ncnc3[nH]ccc23)cc1,1,0.2386634844868735
137,c1nc(-c2ccc3c(c2)NCCO3)c2cc[nH]c2n1,1,0.2386634844868735
138,O=C1C=CC(=O)N1Cc1ccccc1,1,0.2386634844868735
139,O=C(NCC1CCCCC1)N1C(=O)c2ccccc2S1(=O)=O,1,0.2386634844868735
140,O=C(C=CCN1CCCCC1)Nc1ccc2ncnc(Nc3ccccc3)c2c1,1,0.2386634844868735
