repeat,fold,model,MAE
0,0,Ridge,0.7339242793869482
0,0,SVR,0.6646852336036836
0,0,GBM,0.6637903638432636
0,0,RF,0.6480047719541089
0,0,TabPFN,0.572541315259798
0,1,Ridge,0.6389516746292458
0,1,SVR,0.6755609741531486
0,1,GBM,0.5700779800637797
0,1,RF,0.5661846110750144
0,1,TabPFN,0.4862533530056253
0,2,Ridge,0.7186107903019077
0,2,SVR,0.7325713690053299
0,2,GBM,0.720739997959703
0,2,RF,0.614897336499909
0,2,TabPFN,0.6054588978488666
0,3,Ridge,0.6697207504726684
0,3,SVR,0.7568413989950142
0,3,GBM,0.7300948873522293
0,3,RF,0.6428043469013486
0,3,TabPFN,0.6367573819865417
0,4,Ridge,0.6037027429738288
0,4,SVR,0.5787084704424706
0,4,GBM,0.5678743865110217
0,4,RF,0.527956359583292
0,4,TabPFN,0.5813050067930351
0,5,Ridge,0.6511918320731624
0,5,SVR,0.6081808753177977
0,5,GBM,0.6208449679784293
0,5,RF,0.6404876441499593
0,5,TabPFN,0.5377028774998475
0,6,Ridge,0.6233725536232991
0,6,SVR,0.6119950771735438
0,6,GBM,0.6671114525508578
0,6,RF,0.6022005910767348
0,6,TabPFN,0.5663268330613456
0,7,Ridge,0.6250380455825677
0,7,SVR,0.608280244343033
0,7,GBM,0.5848728523674871
0,7,RF,0.6071747472534911
0,7,TabPFN,0.572001372129008
0,8,Ridge,0.5202432205632692
0,8,SVR,0.5778575453713302
0,8,GBM,0.5948408107546285
0,8,RF,0.5066308436188273
0,8,TabPFN,0.5061975282464091
0,9,Ridge,0.6339284771028769
0,9,SVR,0.6544804447197552
0,9,GBM,0.5685594756439755
0,9,RF,0.5921403392240797
0,9,TabPFN,0.591833382523702
1,0,Ridge,0.691267790758115
1,0,SVR,0.7085733679548963
1,0,GBM,0.6977589100978981
1,0,RF,0.6529543324810767
1,0,TabPFN,0.612900115233694
1,1,Ridge,0.5562446208654461
1,1,SVR,0.5704856616840318
1,1,GBM,0.5108614990434789
1,1,RF,0.4971233562967172
1,1,TabPFN,0.4674993682929738
1,2,Ridge,0.7312665236539921
1,2,SVR,0.6878984115995922
1,2,GBM,0.6754199865383356
1,2,RF,0.6451145818677437
1,2,TabPFN,0.5864892207171631
1,3,Ridge,0.7080388317191971
1,3,SVR,0.7921623883091136
1,3,GBM,0.6543726147259727
1,3,RF,0.6331485527458752
1,3,TabPFN,0.6267993027392069
1,4,Ridge,0.6561164052578373
1,4,SVR,0.6080693249102825
1,4,GBM,0.5381872850156229
1,4,RF,0.5668668351930514
1,4,TabPFN,0.5360399178952535
1,5,Ridge,0.5804789022896342
1,5,SVR,0.560761294801166
1,5,GBM,0.5484360386035962
1,5,RF,0.5370205636451196
1,5,TabPFN,0.5251692055679321
1,6,Ridge,0.6264691598819548
1,6,SVR,0.6277987810700554
1,6,GBM,0.7196717035476751
1,6,RF,0.704201122908204
1,6,TabPFN,0.6494946024247488
1,7,Ridge,0.6374372800320843
1,7,SVR,0.6006247093551724
1,7,GBM,0.6439193203087278
1,7,RF,0.612586085568019
1,7,TabPFN,0.5645290561175028
1,8,Ridge,0.621975692885584
1,8,SVR,0.6208505394839847
1,8,GBM,0.5754883518518307
1,8,RF,0.5698696427978804
1,8,TabPFN,0.5471256888415273
1,9,Ridge,0.6111572116430508
1,9,SVR,0.6233318140905534
1,9,GBM,0.5047064698872548
1,9,RF,0.4668038290782914
1,9,TabPFN,0.4826725868064118
2,0,Ridge,0.6270052320222133
2,0,SVR,0.640047282193953
2,0,GBM,0.546379914459921
2,0,RF,0.5608362112569978
2,0,TabPFN,0.5040143666747038
2,1,Ridge,0.6106394956330057
2,1,SVR,0.6469242497379829
2,1,GBM,0.6059977082028357
2,1,RF,0.5806886091935879
2,1,TabPFN,0.5539255015093995
2,2,Ridge,0.697998051623011
2,2,SVR,0.6652730657265569
2,2,GBM,0.6561735567383032
2,2,RF,0.6242798163657234
2,2,TabPFN,0.5815136891662344
2,3,Ridge,0.7384320710309739
2,3,SVR,0.7131882437625594
2,3,GBM,0.6502453103350044
2,3,RF,0.6445807398867456
2,3,TabPFN,0.5959949583751679
2,4,Ridge,0.6453604238724576
2,4,SVR,0.6672484700935711
2,4,GBM,0.6791542001000956
2,4,RF,0.6782347109397615
2,4,TabPFN,0.6447070932138316
2,5,Ridge,0.639344323438308
2,5,SVR,0.6304248213679187
2,5,GBM,0.6124232961476354
2,5,RF,0.6196770636578314
2,5,TabPFN,0.6262509951218668
2,6,Ridge,0.615141314723777
2,6,SVR,0.6255250694931495
2,6,GBM,0.6137587354126186
2,6,RF,0.6549331363383902
2,6,TabPFN,0.6195836277190145
2,7,Ridge,0.5719662372016249
2,7,SVR,0.5557392942631892
2,7,GBM,0.5181459524227398
2,7,RF,0.4860941992387096
2,7,TabPFN,0.4567056771784718
2,8,Ridge,0.63280871168332
2,8,SVR,0.6195388532183285
2,8,GBM,0.6558546852676786
2,8,RF,0.5929340802403661
2,8,TabPFN,0.5228483383849589
2,9,Ridge,0.6107151359870483
2,9,SVR,0.6142146581988458
2,9,GBM,0.5642884334447306
2,9,RF,0.5435521287212354
2,9,TabPFN,0.5596236517573547
3,0,Ridge,0.6090134599519376
3,0,SVR,0.6100015523996173
3,0,GBM,0.5313393273420979
3,0,RF,0.5210654412334407
3,0,TabPFN,0.5041602891659824
3,1,Ridge,0.6404189535640412
3,1,SVR,0.6252200918757012
3,1,GBM,0.5796540291459685
3,1,RF,0.5952358876428013
3,1,TabPFN,0.5288421305819702
3,2,Ridge,0.6288856048120991
3,2,SVR,0.6095077756610033
3,2,GBM,0.6043159258989456
3,2,RF,0.5958222575696775
3,2,TabPFN,0.5192961748969015
3,3,Ridge,0.6064754226678108
3,3,SVR,0.7150469560234817
3,3,GBM,0.6403516662079073
3,3,RF,0.6281022291688486
3,3,TabPFN,0.5749191871869913
3,4,Ridge,0.787555472158618
3,4,SVR,0.7679556156161839
3,4,GBM,0.691949556858833
3,4,RF,0.7057552946802276
3,4,TabPFN,0.644871038239263
3,5,Ridge,0.5861650666204469
3,5,SVR,0.6042793566979783
3,5,GBM,0.5476217350779405
3,5,RF,0.5587176240757833
3,5,TabPFN,0.4749383299299621
3,6,Ridge,0.6723135707332581
3,6,SVR,0.6136647782460988
3,6,GBM,0.6987821518632448
3,6,RF,0.6537076383194678
3,6,TabPFN,0.5889866077825165
3,7,Ridge,0.6015534308911817
3,7,SVR,0.5522508671195627
3,7,GBM,0.6495844656237649
3,7,RF,0.6010747791085286
3,7,TabPFN,0.6035890385489909
3,8,Ridge,0.6550047901764626
3,8,SVR,0.7116385841847035
3,8,GBM,0.6073673647153411
3,8,RF,0.6344902703847267
3,8,TabPFN,0.5539697619135793
3,9,Ridge,0.5818961290870044
3,9,SVR,0.602312729383157
3,9,GBM,0.5511586895980075
3,9,RF,0.5031562912095733
3,9,TabPFN,0.5010283615582274
4,0,Ridge,0.6745455685396159
4,0,SVR,0.6678221362001683
4,0,GBM,0.6663385972561329
4,0,RF,0.6475173213868647
4,0,TabPFN,0.6156157924135824
4,1,Ridge,0.590743328153678
4,1,SVR,0.6365285960656972
4,1,GBM,0.5701913040457683
4,1,RF,0.5604829314945756
4,1,TabPFN,0.5016528788434854
4,2,Ridge,0.7199909528419646
4,2,SVR,0.627720465779573
4,2,GBM,0.5992209682488226
4,2,RF,0.6094092030433321
4,2,TabPFN,0.5384954115276338
4,3,Ridge,0.6716512185454104
4,3,SVR,0.6999396783925137
4,3,GBM,0.619499100367163
4,3,RF,0.6292472862279653
4,3,TabPFN,0.6007138907012177
4,4,Ridge,0.6310907992700305
4,4,SVR,0.5979422159258456
4,4,GBM,0.646478270638528
4,4,RF,0.6250131351052998
4,4,TabPFN,0.6762392059646097
4,5,Ridge,0.5805632407149811
4,5,SVR,0.5662675667110536
4,5,GBM,0.5013736811102439
4,5,RF,0.469787229194725
4,5,TabPFN,0.4786795665214792
4,6,Ridge,0.6546063622451129
4,6,SVR,0.6752659587615881
4,6,GBM,0.7235299464261041
4,6,RF,0.7190335135417731
4,6,TabPFN,0.6600862653157807
4,7,Ridge,0.5763263042702078
4,7,SVR,0.6215708340657738
4,7,GBM,0.5202314002551373
4,7,RF,0.5682570055603248
4,7,TabPFN,0.4885231444706725
4,8,Ridge,0.5860200041066186
4,8,SVR,0.5865813387547628
4,8,GBM,0.515306362912117
4,8,RF,0.4708826262993161
4,8,TabPFN,0.4614859259938049
4,9,Ridge,0.7115757519439617
4,9,SVR,0.6882560984919625
4,9,GBM,0.6572753734480482
4,9,RF,0.6379435539641847
4,9,TabPFN,0.5452838034860993
0,0,MolFormer,0.7570894077134986
0,1,MolFormer,0.6618842319444443
0,2,MolFormer,0.7446278544444443
0,3,MolFormer,0.9634328463888888
0,4,MolFormer,0.7855234619444444
0,5,MolFormer,0.6445691402777777
0,6,MolFormer,0.7894516391666667
0,7,MolFormer,0.9191480669444444
0,8,MolFormer,0.7009767388888889
0,9,MolFormer,0.6541743327777779
1,0,MolFormer,0.8891730909090908
1,1,MolFormer,0.6909132147222222
1,2,MolFormer,0.7239131819444444
1,3,MolFormer,1.0310642058333335
1,4,MolFormer,1.0689953855555556
1,5,MolFormer,0.651117525
1,6,MolFormer,0.6825150569444444
1,7,MolFormer,0.8380522694444443
1,8,MolFormer,0.7013220013888889
1,9,MolFormer,0.5973587499999998
2,0,MolFormer,0.7555813192837467
2,1,MolFormer,0.9680229363888889
2,2,MolFormer,0.6894344927777777
2,3,MolFormer,0.97810304
2,4,MolFormer,0.873124316111111
2,5,MolFormer,0.9464889047222221
2,6,MolFormer,0.8109348680555556
2,7,MolFormer,0.5489579552777778
2,8,MolFormer,0.8487884855555556
2,9,MolFormer,0.7130392775
3,0,MolFormer,0.8801183652892562
3,1,MolFormer,0.7309333177777777
3,2,MolFormer,0.6923617208333335
3,3,MolFormer,0.9334099494444444
3,4,MolFormer,0.9637387361111113
3,5,MolFormer,0.8912751433333334
3,6,MolFormer,0.6788213630555555
3,7,MolFormer,0.7812033372222222
3,8,MolFormer,0.9529819933333333
3,9,MolFormer,0.8422616708333331
4,0,MolFormer,0.9572725699724519
4,1,MolFormer,0.7448073599999999
4,2,MolFormer,0.8326462244444445
4,3,MolFormer,0.9540597833333333
4,4,MolFormer,0.7074180561111111
4,5,MolFormer,0.7309633991666665
4,6,MolFormer,0.8880816797222222
4,7,MolFormer,0.6146135727777776
4,8,MolFormer,0.6060211730555555
4,9,MolFormer,0.8568218733333333
0,0,ChemFM,0.7419492242424243
0,1,ChemFM,0.6461103266666667
0,2,ChemFM,0.7469995850000001
0,3,ChemFM,0.7103959694444445
0,4,ChemFM,0.5536618608333334
0,5,ChemFM,0.6932089902777777
0,6,ChemFM,0.603399898888889
0,7,ChemFM,0.6128573516666667
0,8,ChemFM,0.7093979380555555
0,9,ChemFM,0.6271458052777777
1,0,ChemFM,0.6734131212121213
1,1,ChemFM,0.4848944433333333
1,2,ChemFM,0.6729945508333333
1,3,ChemFM,0.7978916088888889
1,4,ChemFM,0.6656235791666666
1,5,ChemFM,0.5751152605555555
1,6,ChemFM,0.6465402280555556
1,7,ChemFM,0.6071425497222223
1,8,ChemFM,0.5784752686111111
1,9,ChemFM,0.5796657372222221
2,0,ChemFM,0.5561116099173553
2,1,ChemFM,0.5665194322222221
2,2,ChemFM,0.6975487805555556
2,3,ChemFM,0.6615931877777779
2,4,ChemFM,0.6996375780555555
2,5,ChemFM,0.6965825699999999
2,6,ChemFM,0.7140521819444444
2,7,ChemFM,0.5340849819444444
2,8,ChemFM,0.5888837194444445
2,9,ChemFM,0.6659418947222222
3,0,ChemFM,0.5562859834710744
3,1,ChemFM,0.6432994097222222
3,2,ChemFM,0.6027157700000001
3,3,ChemFM,0.7122699786111112
3,4,ChemFM,0.6345517294444445
3,5,ChemFM,0.5890266091666666
3,6,ChemFM,0.6867639847222223
3,7,ChemFM,0.6406176122222221
3,8,ChemFM,0.6314404722222222
3,9,ChemFM,0.6446420633333332
4,0,ChemFM,0.6675461537190084
4,1,ChemFM,0.5743164841666667
4,2,ChemFM,0.624107343888889
4,3,ChemFM,0.7243952452777779
4,4,ChemFM,0.6136430316666667
4,5,ChemFM,0.6555726441666666
4,6,ChemFM,0.821915571111111
4,7,ChemFM,0.6394340438888888
4,8,ChemFM,0.5776404838888888
4,9,ChemFM,0.6675971927777778
0,0,Chemprop,0.6908742906336088
0,1,Chemprop,0.5700388861111111
0,2,Chemprop,0.6316338033333334
0,3,Chemprop,0.7655279155555554
0,4,Chemprop,0.5830098325
0,5,Chemprop,0.6205251569444443
0,6,Chemprop,0.5635618775
0,7,Chemprop,0.5890919974999999
0,8,Chemprop,0.5688190402777779
0,9,Chemprop,0.5688679713888888
1,0,Chemprop,0.6766522573002756
1,1,Chemprop,0.5111066552777778
1,2,Chemprop,0.6583162452777778
1,3,Chemprop,0.7073039030555556
1,4,Chemprop,0.5705501525
1,5,Chemprop,0.5399413200000001
1,6,Chemprop,0.667370856388889
1,7,Chemprop,0.5983138694444445
1,8,Chemprop,0.6473480583333334
1,9,Chemprop,0.6087029994444444
2,0,Chemprop,0.5829377019283746
2,1,Chemprop,0.6311454425
2,2,Chemprop,0.6614458000000001
2,3,Chemprop,0.720066643888889
2,4,Chemprop,0.6357743208333334
2,5,Chemprop,0.6939566594444444
2,6,Chemprop,0.6690552672222223
2,7,Chemprop,0.5038971622222223
2,8,Chemprop,0.5567306486111111
2,9,Chemprop,0.5451717524999999
3,0,Chemprop,0.609941541322314
3,1,Chemprop,0.5815140613888888
3,2,Chemprop,0.5588558275000001
3,3,Chemprop,0.6766201711111112
3,4,Chemprop,0.7367202144444445
3,5,Chemprop,0.5606036636111112
3,6,Chemprop,0.6728771372222223
3,7,Chemprop,0.6350869961111111
3,8,Chemprop,0.6023865358333333
3,9,Chemprop,0.6413500530555556
4,0,Chemprop,0.6380567914600551
4,1,Chemprop,0.5783795394444445
4,2,Chemprop,0.6304164000000001
4,3,Chemprop,0.6921010155555556
4,4,Chemprop,0.6016855655555555
4,5,Chemprop,0.5656352219444445
4,6,Chemprop,0.6985266516666666
4,7,Chemprop,0.543534085
4,8,Chemprop,0.5930124180555557
4,9,Chemprop,0.6651011230555556
