idx,smiles,y_true,vina_score,heavy,status
0,Cc1ccccc1-c1ccc2nc(N)c(CC(C)C(=O)NCCC(C)(C)C)cc2c1,9.1870871,-9.024,30,ok
1,Cc1ccccc1-c1ccc2nc(N)c(CCC(=O)N(C)C3CCCCC3)cc2c1,5.283996599999999,-9.724,30,ok
2,CC(=O)NC(Cc1cc(F)cc(F)c1)C(O)CNC1(c2cc(C(C)C)cs2)CCCCC1,6.4534574000000005,-9.89,32,ok
3,CC(C)c1cccc(CNCC(O)C2COC/C=C/C[C@H](c3ccccc3)NC(=O)c3cc(cc(N(C)S(C)(=O)=O)c3)C(=O)N2)c1,8.4948502,-8.02,46,ok
4,CC(=O)NC1CCC(NCC(O)C(Cc2cc(F)cc(F)c2)NC(C)=O)(c2cccc(C(C)(C)C)c2)CC1,6.4559321,-8.591,38,ok
5,CN1C(=O)CC(C)(C2CC2c2cccc(-c3cccs3)c2)N=C1N,5.2146702000000005,-8.725,24,ok
6,CCOc1cc(C(=O)NC(Cc2ccccc2)C(O)CNCc2cccc(C(F)(F)F)c2)cc(N(c2ccccc2)S(C)(=O)=O)c1,8.522878599999999,-9.429,46,ok
7,CCn1cc2c3c(cc(C(=O)NC(Cc4ccccc4)[C@H](O)CNCCC(F)(F)F)cc31)N(C)S(=O)(=O)CC2,8.522878599999999,-8.108,39,ok
8,CC(NC(=O)c1cc(COCC(C)(N)Cc2ccccc2)cc(N(C)S(C)(=O)=O)c1)c1ccc(F)cc1,6.463441400000001,-9.481,37,ok
9,CC(=O)Nc1ccc(CN2CCC3(CC2C)CN(C)S(=O)(=O)N3c2cccc(F)c2)cc1,5.19382,-9.604,32,ok
10,CCCOC1CNC(C(O)C(Cc2cc(F)cc(F)c2)NC(=O)C(CCc2ccccc2)N2CCC(NC(C)=O)(C(C)CC)C2=O)C1,8.585026699999998,-9.148,47,ok
11,CN1C(=O)[C@@](c2ccc(OC(F)F)cc2)(c2cccc(C#CC3CCCCC3)c2)N=C1N,6.4814858,-10.341,32,ok
12,CC1(c2cc(NC(=O)c3ncc(Cl)cc3Cl)ccc2F)COCC(=N)N1,7.3467875,-9.654,26,ok
13,CC(C)CNC(=O)C(C)C[C@H](O)[C@H](CC(C)C)NC(=O)C(Cc1ccccc1)NC(=O)c1ccccc1,5.1592669,-9.222,37,ok
14,CC(=O)NC(Cc1ccc(F)c(C#N)c1)C(O)CNC1CC2(CCC2)Oc2ncc(CC(C)(C)C)cc21,8.6197891,-10.902,37,ok
15,Cc1cnc(C(=O)Nc2cccc(C3(C)N=C(N)CN(C)C3=O)c2)cn1,5.1500282,-9.101,26,ok
16,COc1ccc(Cc2cccc([C@@]3(c4ccccc4)N=C(N)N4CCCN=C43)c2)cc1,5.1487417,-10.047,31,ok
17,CC(C)(CO)c1cccc(CNC2CS(=O)(=O)CC(Cc3cc(F)c(N)c(OC(C(F)(F)F)C(F)(F)F)c3)C2O)c1,8.6989698,-10.403,41,ok
18,CC(=O)NC(Cc1cc(F)cc(F)c1)C(O)CNC1(c2cccc(C(C)(C)C)c2)CCCN(C(N)=O)C1,6.4814858,-9.342,37,ok
19,CC(C)(C)c1cccc(CNC2CS(=O)(=O)CC(Cc3cc(F)c(N)c(OC(C(F)(F)F)C(F)(F)F)c3)C2O)c1,8.6989698,-10.274,40,ok
20,CCCCNC(=O)NCc1ccc(CN2C(=O)C(C)(CC3CCCCC3)N=C2N)cc1,5.3010302000000005,-8.38,31,ok
21,COc1ccc(C2(c3cccc(-c4cccnc4)c3)COC(=N)N2)cc1,5.1272612,-9.176,26,ok
22,COc1ccc2c(c1)C1(COC(=N)N1)c1cc(-c3ccccc3Cl)ccc1O2,5.311580200000001,-9.918,28,ok
23,CC(C)c1ccnc(CNC2CS(=O)(=O)CC(Cc3ccc(O)c(Br)c3)C2O)c1,5.3665314,-10.354,29,ok
24,COc1cccc(CNC[C@H](O)[C@H](Cc2cc(F)cc(F)c2)NC(=O)c2cc(/C(C)=N\OCC(C)C)cc(N3CCCCS3(=O)=O)c2)c1,6.368556,-10.464,48,ok
25,COc1cccc(CNC[C@H](O)[C@H](Cc2cc(F)cc(F)c2)NC(=O)c2cc(C(C)=NO)cc(N3CCCCS3(=O)=O)c2)c1,7.4202166,-10.456,44,ok
26,CC(=O)NC(Cc1cc(F)cc(F)c1)C(O)CNC1(c2cccc(N(C)C)c2)CCCCC1,6.387216099999999,-9.826,33,ok
27,Cc1ccc(N(c2ccccc2)S(C)(=O)=O)cc1C(=O)NC(Cc1ccccc1)C(O)CNCc1cccc(C(F)(F)F)c1,5.4596705000000005,-10.529,44,ok
28,CC1(c2cc(NC(=O)c3ncc(Cl)cc3Cl)ccc2F)CCOC(=N)N1,7.408935499999999,-9.957,26,ok
29,CC#CCOc1cnc(C(=O)Nc2ccc(F)c(C3(C)N=C(N)OCC3(F)F)c2)cn1,8.2218485,-9.673,31,ok
30,CC(C)CNC(=O)C(C)C[C@H](O)[C@H](CC(C)C)NC(=O)C(Cc1ccc([N+](=O)[O-])cc1)=NC(=O)CCc1ccc(C(F)(F)F)cc1,5.421361,-8.808,46,ok
31,CC(=O)NC(Cc1cc(F)cc(F)c1)C(O)CNC1(c2cn(C34CC5CC(CC(C5)C3)C4)nn2)CCCCC1,6.406714,-10.436,39,ok
32,CCNc1cc(C(=O)N[C@@H](Cc2ccccc2)[C@H](O)CNC(C)(C)c2cccc(C(F)(F)F)c2)cc(N2CCCCS2(=O)=O)c1,8.2218485,-9.796,45,ok
33,CN1C(=O)C(c2ccncc2)(c2cccc(-c3cccc(C#N)c3)c2)N=C1N,7.3979402,-9.625,28,ok
34,CCC(C)C1(NC(C)=O)CCN(C(CCc2ccccc2)C(=O)NC(Cc2cc(F)cc(F)c2)C(O)C2CC(Oc3cccnc3)CN2)C1=O,8.229147900000001,-10.951,50,ok
35,CS(=O)(=O)c1ccc(-c2ccccc2C2CNCC2C(=O)N2CCOCC2c2ccccc2)cc1,5.3979402,-9.859,35,ok
36,NC1=NC(c2ccccc2)(C2CCCCC2)C(=O)N1CC1CCC(C(=O)O)CC1,6.4089355,-10.142,29,ok
37,CC1(c2cccc(-c3cncc(F)c3)c2)N=C(N)C2CCCCN21,5.3979402,-8.891,24,ok
38,CN1C(=O)[C@@](c2ccc(OC(F)F)cc2)(c2cccc(/C=C/CCF)c2)N=C1N,7.3979402,-8.488,29,ok
39,CC(=O)NC(Cc1cc(F)cc(F)c1)C(O)CNC1(c2ccc(C(C)C)s2)CCCCC1,5.3968558,-8.681,32,ok
40,O=S1(=O)CC(Cc2ccc(O)c(Br)c2)C(O)C(NCc2cc(Cl)cc(Cl)c2)C1,5.3767509,-9.453,28,ok
41,CC(=O)NC(Cc1ccccc1)C(O)CNC1CC2(CCC2)Oc2ncc(CC(C)C)cc21,8.3010302,-8.677,33,ok
42,CC(C)CNC(=O)C(C)C[C@H](O)[C@H](CC(C)C)NC(=O)C(Cc1ccc([N+](=O)[O-])cc1)NC(=O)c1ccc(Cl)cc1Cl,5.3726339,-9.34,42,ok
43,CCC#Cc1cccc([C@@]2(c3ccc(OC(F)F)cc3)N=C(N)N(C)C2=O)c1,7.3979402,-8.899,28,ok
44,CCC(C)C1(NC(C)=O)CCN(C(CCc2ccccc2)C(=O)NC(Cc2cc(F)cc(F)c2)C(O)C2CC(OCc3cccnc3)CN2)C1=O,8.8538723,-10.061,51,ok
45,CC(C)c1cccc(C2(NCC(O)C3Cc4cccc(c4)OCCCCOc4cc(cc(N5CCCC5=O)c4)C(=O)N3)CC2)c1,9.0,-8.333,45,ok
46,CC(C)CNC(=O)C(C)C[C@H](O)[C@H](CC(C)C)NC(=O)C(Cc1ccccc1)NC(=O)c1ccc2c(c1)OCO2,5.0931263,-9.339,40,ok
47,CCn1cc2c3c(cc(C(=O)NC(Cc4ccccc4)C(O)(O)CNC4CCOCC4)cc31)N(C)S(=O)(=O)CC2,7.8860564,-9.749,40,ok
48,CN(C(=O)CCN1Cc2cc(C(=O)c3ccccc3)ccc2N=C1N)C1CCCCC1,7.9586072,-10.066,31,ok
49,CC(=O)NC(Cc1cc(F)cc(F)c1)C(O)CNC1(c2cccc(C3CCCCC3)c2)CCCCC1,5.0,-10.002,36,ok
50,CNC(=O)C(CC(O)C1COCc2cccc(c2)C(c2ccccc2)NC(=O)c2cc(cc(N(C)S(C)(=O)=O)c2)C(=O)N1)C(C)C,5.0,-7.772,46,ok
51,COCCOC1CCCc2cc(cc(N(C)S(C)(=O)=O)c2)C(=O)NC(C(O)CC(C(=O)NCC(C)C)C(C)C)COCc2cccc1c2,5.0,-7.993,48,ok
52,CC(C)CC(NC(=O)c1cc(C(=O)NC(C)c2ccccc2)cc(N(C)S(C)(=O)=O)c1)C(O)CC(C)C(=O)NC(C(=O)NC(C)C)C(C)C,8.958607699999998,-9.873,49,ok
53,CC(C)CC(NC(=O)C(CC(N)=O)NC(=O)C(NC(=O)C(N)CCC(=O)O)C(C)C)C(O)CC(C)C(=O)NC(C)C(=O)NC(CCC(=O)O)C(=O)NC(Cc1ccccc1)C(=O)O,9.0,-8.532,63,ok
54,COCC1CCCN1C(=O)c1cc(C)cc(C(=O)NC(Cc2cc(F)cc(F)c2)C(O)C2CC(Oc3ccccc3)CN2)c1,9.1549015,-10.4,44,ok
55,Cc1ccc(C)c(OCC(O)CN2CCOCC2)c1,2.6989701,-6.815,19,ok
56,CN1C(=O)C(c2cccc(-c3cccnc3)c2)(c2ccc3c(c2)OCO3)N=C1N,6.6020598,-9.277,29,ok
57,CC1(c2cc(NC(=O)c3ccc(OC(F)(F)F)cn3)ccc2F)N=C(N)OCC1(F)F,7.2441254,-10.041,31,ok
58,Nc1nc2ccccc2nc1N1CCCC1,3.0604808,-6.96,16,ok
59,NC1=NC(c2ccc(OC(F)F)cc2)(c2cccc(C#COCCCF)c2)C2=NCC(F)(F)CN12,7.23,-8.776,35,ok
60,CC(C)SC(NC(=O)C(CC(O)C1COCc2cccc(c2)C(c2ccccc2)NC(=O)c2cc(cc(N(C)S(C)(=O)=O)c2)C(=O)N1)C(C)C)C(=O)NCc1ccccc1,6.6197886,-9.22,60,ok
61,CN1C(=O)CC(C)(C2CC2c2cccc(-c3cccnc3)c2)N=C1N,4.9281178,-8.284,25,ok
62,CCc1cn2c3c(cc(C(=O)NC(Cc4ccccc4)C(O)CNC4CCCCC4)cc13)N(C)S(=O)(=O)C2,7.221849000000001,-9.952,38,ok
63,CC(NCC(O)C(Cc1ccccc1)NC(=O)c1cccc(OS(=O)(=O)Cc2ccccc2)c1)C(=O)NC1CCCCC1,4.8860564,-10.383,43,ok
64,CCCCOc1ccc(CSC(=N)N)cc1Cl,3.6777806000000006,-6.494,17,ok
65,N=C1NC2(c3cccc(-c4cc(F)cc(Cl)c4)c3)CCOCC2O1,4.882728599999999,-9.938,24,ok
66,COCC(CC(O)C(COc1cc(F)cc(F)c1)NC(=O)c1cc(C(=O)NC(C)c2ccccc2)cc(N(C)S(C)(=O)=O)c1)OC,5.0,-10.014,46,ok
67,CC(C)CC(NC(=O)C1CC(=O)NCCCCCCOC(=O)NC(C(C)C)C(=O)N1)C(O)CC(C)C(=O)NC(C(=O)NCc1ccccc1)C(C)C,7.6003261,-7.503,52,ok
68,Nc1cccc(Cn2c(-c3ccc(Oc4nccs4)cc3)ccc2-c2ccccc2Cl)n1,6.5376019,-8.768,32,ok
69,CN1C(=O)C(c2ccncc2)(c2cccc(-c3cccc(F)c3)c2)N=C1N,7.3010302,-9.183,27,ok
70,CCCN(CCC)C(=O)c1cc(C(=O)NC(Cc2cc(F)cc(F)c2)C(O)CNCc2cccc(OC)c2)cc(/C(C)=N\OC)c1,9.0,-9.87,46,ok
71,CC(=O)NC(Cc1cccc(F)c1)C(O)CNC1CC2(CCC2)Oc2ncc(CC(C)(C)C)cc21,9.0,-9.613,35,ok
72,NC1=NC(c2ccccc2)(c2cccc(Cc3ccc(F)cc3)c2)C2=NCCCN12,5.0861859,-9.385,30,ok
73,COc1ccc(C2(c3cccc(-c4cc(Cl)cc(Cl)c4)c3)N=C(N)N3CCCN=C32)cc1,7.650000099999999,-9.112,32,ok
74,NCCc1ccc(O)cc1,2.6989701,-5.643,10,ok
75,CC(N)Cc1ccc(O)cc1,3.09691,-6.142,11,ok
76,CCc1cc(CCN)ccc1O,3.1804562,-6.109,12,ok
77,CN1C(=O)C2(CC(C)(C)Sc3ccc(-c4cncnc4)cc32)N=C1N,7.318759,-9.134,25,ok
78,COc1cc(Cl)cc(CN2CCC(NC(=O)COc3ccc(S(N)(=O)=O)cc3C)CC2)c1OC(C)C,4.1307683,-9.189,36,ok
79,N=C1NC(c2ccnc(C(F)F)c2)(c2ccc(F)c(-c3cncnc3)c2)c2cc(F)cc(F)c21,7.4412913,-10.2,34,ok
80,CC(NCC(O)C(Cc1ccccc1)NC(=O)c1cccc(N(C2CCCCC2)S(C)(=O)=O)c1)C(=O)NC1CCCCC1,6.522878599999999,-10.017,43,ok
81,CCc1cn2c3c(cc(C(=O)NC(Cc4ccccc4)[C@H](O)CNCCF)cc13)N(C)S(=O)(=O)CC2,7.3010302,-7.533,36,ok
82,CN1C(=O)C(c2ccccc2)(c2ccccc2)N=C1N,5.4436975,-7.8,20,ok
83,CCSc1cccc(-c2ccc(C3CC3c3cc(=O)n(C)c(N)n3)cc2)c1,5.0409584,-8.61,27,ok
84,CN1C(=O)CC(C)(C2CC2c2cccc(-c3ccccc3)c2)N=C1N,5.031517,-9.227,25,ok
85,CC(C)c1cccc(CNCC(O)C2Cc3cccc(c3)OCCCCNc3cccc(c3)C(=O)N2)c1,6.5346169000000005,-7.846,37,ok
86,CCCOc1cc(C2(c3cccc(-c4cccnc4)c3)N=C(N)N(C)C2=O)ccc1OC,7.3010302,-8.288,32,ok
87,CC(=O)N[C@@H](Cc1cc(F)cc(F)c1)[C@H](O)CNC1(c2cccc(C(C)(C)CF)c2)CC1,6.5376019,-9.97,32,ok
88,CN1C(=O)C2CN(c3ccccc3)CC2(c2ccc(-c3ccc(F)c(C#N)c3)s2)N=C1N,7.0457573,-10.041,32,ok
89,CN1C(=O)C(c2cccc(-c3cncc(Cl)c3)c2)(C2CC2)N=C1N,7.229147900000001,-8.522,24,ok
90,CN(C(=O)CCc1cc2ccccc2nc1N)C1CCCCC1,4.415669,-8.578,23,ok
91,COc1ccc(C2(c3cccc(-c4cccnc4)c3)CC(OC)C(=N)N2)cc1,5.4948502,-8.484,28,ok
92,CCCCN(C)C(=O)n1cc(C(=O)NC(Cc2cc(F)cc(F)c2)C(O)CNCc2cccc(OC)c2)c2ccccc21,8.1307678,-9.548,43,ok
93,CCc1cn2c3c(cc(C(=O)NC(Cc4ccccc4)[C@H](O)CNCc4cccc(C(F)(F)F)c4)cc13)OS(=O)(=O)CC2,8.0969105,-9.577,43,ok
94,CCCCC1CCN(C(CCc2ccccc2)C(=O)NC(Cc2cc(F)cc(F)c2)C(O)C2CC(OCCC)CN2)C1=O,7.7212462,-9.395,43,ok
95,CCOC[C@H]1CCCCN1C(=O)n1cc(C(=O)N[C@@H](Cc2cc(F)cc(F)c2)[C@H](O)CNCc2cccc(OC)c2)c2cccnc21,7.585026700000001,-10.565,47,ok
96,CC1=NC(c2ccccc2)(c2cccc(-c3cccnc3)c2)N=C1N,5.886056900000001,-9.03,25,ok
97,CN1C(=O)CC(C)(CCc2cccc(-c3ccccc3)c2)N=C1N,5.886056900000001,-8.82,24,ok
98,CC(=O)NC(Cc1cc(F)cc(F)c1)C(O)CNC1(c2cccc(N3CCOCC3=O)c2)CCCCC1,5.8860564,-9.145,37,ok
99,N=C1NC2(c3cccc(NC(=O)c4ccc(Cl)cn4)c3)CC2CS1,6.1191864,-9.125,24,ok
100,Cc1cc2cc(n1)NCCCCOc1cccc(c1)CC(C(O)CNCc1cccc(C(C)C)c1)NC2=O,7.5686364,-7.369,38,ok
101,CN1C(=O)C(c2ccc(OC(F)(F)F)cc2)(c2cccc(-c3cncnc3)c2F)N=C1N,5.8664613,-9.111,32,ok
102,N=C1COCC2CC2(c2cc(NC(=O)c3ccc(Cl)cn3)ccc2F)N1,7.5686364,-8.022,26,ok
103,CN1C(=O)[C@](c2ccc(OC(F)(F)F)cc2)(c2ccc(F)c(-c3cncnc3)c2)N=C1N,5.856985099999999,-9.167,32,ok
104,CC(C)c1cccc(CNCC(O)C2COCCCCCNC(=O)c3cc(cc(N(C)S(C)(=O)=O)c3)C(=O)N2)c1,7.7958798,-7.39,40,ok
105,CC(C)(C)c1cccc(CNC2CS(=O)(=O)CC(Cc3cc(F)c(N)c(-c4cc[nH]n4)c3)C2O)c1,7.5528421,-9.74,35,ok
106,CN1C(=O)C2(CC(C)(C)Oc3ccc(-c4cc(Cl)cc(Cl)c4)cc32)N=C1N,7.5528421,-9.102,27,ok
107,CC(C)(C)c1cccc(CNC2CS(=O)(=O)CC(Cc3ccc4[nH]ncc4c3)C2O)c1,5.8386321,-10.15,31,ok
108,COC(CNc1ccccc1)CC(O)C(COc1cc(F)cc(F)c1)NC(=O)c1cc(C(=O)NC(C)c2ccccc2)cc(N(C)S(C)(=O)=O)c1,5.8239088,-10.243,51,ok
109,CC(=O)c1ccccc1-c1ccc2nc(N)c(CC(C)C(=O)NCCC(C)(C)C)cc2c1,7.823908800000001,-9.355,32,ok
110,CCc1cccc(C2(NCC(O)C(Cc3cc(F)cc(F)c3)NC(C)=O)CCCCC2)c1,6.161150900000001,-8.605,32,ok
111,CC1CC2(CCN1Cc1ccc(O)c(Cl)c1)CN(C)S(=O)(=O)N2c1cccc(F)c1,5.7958798,-9.289,30,ok
112,CC1(c2cc(NC(=O)c3ccc(Cl)cn3)ccc2F)CCCOC(=N)N1,7.853871799999999,-7.541,26,ok
113,CC1(c2cc(NC(=O)c3nn(C(F)F)cc3Cl)ccc2F)N=C(N)OCC1(F)F,7.7212462,-10.349,29,ok
114,CCN1CCN2CCS(=O)(=O)N(C)C3C=C(C(=O)NC(Cc4ccccc4)C(O)CNCc4cccc(C(F)(F)F)c4)C=C1C32,7.585026700000001,-8.748,45,ok
115,CCCN(CCC)C(=O)c1cc(C(=O)NC(Cc2cc(F)cc(F)c2)C(O)CNCc2cccc(OC)c2)cc(C(C)NC(C)=O)c1,7.6989698,-9.508,47,ok
116,CCn1cc2c3c(cc(C(=O)NC(Cc4ccccc4)[C@H](O)CNCC(F)F)cc31)N(C)S(=O)(=O)CC2,7.6989698,-8.223,37,ok
117,O=C(NC(Cc1ccccc1)C(O)CNCc1cccc(C(F)(F)F)c1)c1cccc(N2c3ccccc3OS2(=O)=O)c1,6.0409584,-10.665,43,ok
118,CC(=O)NC(Cc1cc(F)cc(F)c1)C(O)CNC1(c2cccc(C3CCCC3)c2)CCCCC1,6.026872200000001,-9.729,35,ok
119,CCCCOc1ccc(C2(C34CC5CC(CC(C5)C3)C4)N=C(N)N(C)C2=O)cc1,6.0604806,-8.974,29,ok
120,CCCCN(C)C(=O)n1cc(C(=O)NC(Cc2cc(F)cc(F)c2)C(O)CNCc2cccc(OC)c2)c2cc(C(=O)OCc3ccccc3)ccc21,6.0655017,-9.489,53,ok
121,CC(NC(=O)c1cc(COCC(N)(CF)Cc2ccccc2)cc(N(C)S(C)(=O)=O)c1)c1ccc(F)cc1,6.001304599999999,-9.31,38,ok
122,CC1(C)Cc2cc(Cl)ccc2C(=NC(Cc2cscc2-c2ncco2)C(=O)O)N1,6.0861859,-8.99,29,ok
123,NC1=NC(c2ccccc2)(C2CCCCC2)C(=O)N1CC1CCCO1,5.9829664000000005,-9.0,25,ok
124,CSC1CCC(NCC(O)C(Cc2cc(F)cc(F)c2)NC(C)=O)(c2cccc(C(C)(C)C)c2)CC1,7.6197886,-8.916,36,ok
125,NC1=NC(c2ccccc2)(C2CCCCC2)C(=O)N1Cc1cc(F)cc(F)c1,5.9665761,-10.273,28,ok
126,CC(=O)NC(Cc1cc(F)cc(F)c1)C(O)CNC1(c2cc(C(C)(C)C)ccn2)CC1,6.19382,-10.078,31,ok
127,Cn1cc(-c2cscc2CC(N=C2NC(C)(C)Cc3cc(Cl)ccc32)C(=O)O)cn1,5.9625735,-8.109,30,ok
128,CCOc1cc(CC2CS(=O)(=O)CC(NCc3cccc(C(C)(C)C)c3)C2O)cc(F)c1N,7.6197886,-10.16,33,ok
129,COc1cccc(-c2cccc(C3(C4CCN(C(C)=O)CC4)N=C(C)C(=N)N3)c2)c1,6.09691,-9.732,30,ok
130,CCCCC1CCN(C(CCc2ccccc2)C(=O)NC(Cc2cc(F)cc(F)c2)C(O)C2CC(O)CN2)C1=O,7.6020598,-9.361,40,ok
131,CC(=O)NC(Cc1cc(F)cc(F)c1)C(O)CNC1(c2cccc(C3CCCC3=O)c2)CCCCC1,6.09691,-10.117,36,ok
132,CC1(c2cc(NC(=O)c3cnc(OCC(F)(F)F)cn3)ccc2F)N=C(N)OCC1(F)F,7.6020598,-9.616,32,ok
133,COc1ccc2c(c1)C1(COC(=N)N1)c1cc(-c3ccccc3)ccc1O2,5.9281182,-9.879,27,ok
134,CCc1c[nH]c2c(N3CCCC3=O)cc(C(=O)NC(Cc3ccccc3)C(O)CNCc3cccc(C(F)(F)F)c3)cc12,7.585026700000001,-10.347,43,ok
135,CC(C)c1cccc(CNC2CS(=O)(=O)CC(Cc3ccc(O)c(CO)c3)C2O)c1,5.920818799999999,-9.52,30,ok
136,CCCCN(C)C(=O)n1cc(C(=O)NC(Cc2cc(F)cc(F)c2)C(O)C2Cc3ccccc3CN2)c2cccnc21,5.920818799999999,-9.828,42,ok
137,CN1C(=O)[C@@](c2ccc(OC(F)F)cc2)(c2cccc(C#CC3CC3)c2)N=C1N,7.6989698,-9.02,29,ok
138,COCc1cc2cc(c1)C(=O)NC(C(O)CNCc1cccc(C(C)C)c1)Cc1cccc(c1)OCCCCN2,7.221849000000001,-8.446,40,ok
139,CC(=O)NC(Cc1cc(F)cc(F)c1)C(O)CNC1(c2cccc(C(C)(C)C)c2)CCc2nc(N)ncc2C1,7.853871799999999,-8.86,39,ok
140,CCc1cscc1CC(N=C1NC(C)(C)Cc2cc(Cl)ccc21)C(=O)O,6.2006593,-8.082,26,ok
141,COc1ccc(-c2ccc(-c3ccccc3Cl)n2Cc2cccc(N)n2)cc1,5.610834099999999,-8.374,28,ok
142,CCCN(CCC)C(=O)c1cc(Oc2ccccc2)cc(C(=O)NC(Cc2cc(F)cc(F)c2)C(O)CNCc2cccc(OC)c2)c1,8.0,-9.582,48,ok
143,CCOC[C@H](Oc1cc(CC2CS(=O)(=O)CC(NCc3cccc(C(C)(C)C)c3)C2O)cc(F)c1N)C(F)(F)F,7.494850200000001,-10.146,40,ok
144,CC(=O)NC(Cc1cc(F)cc(F)c1)C(O)CNC1(c2cccc(C(C)(C)C)c2)CCC(C(F)(F)F)CC1,7.481485799999999,-10.289,38,ok
145,CCCCN(C)C(=O)n1cc(C(=O)NC(Cc2cc(F)cc(F)c2)C(O)CNCc2cccc(OC)c2)c2cccnc21,7.481485799999999,-9.56,43,ok
146,COCC(=O)NC(Cc1cccc(-c2ncco2)c1)C(O)CNC1CC2(CCC2)Oc2ncc(CC(C)(C)C)cc21,8.0177288,-9.702,41,ok
147,COCC(=O)NC(Cc1cc(-c2nccs2)ccc1F)C(O)CNC1CC2(CCC2)Oc2ncc(CC(C)(C)C)cc21,8.0222759,-10.002,42,ok
148,COCC(=O)NC(Cc1cccc(-c2ccccn2)c1)C(O)CNC1CC2(CCC2)Oc2ncc(CC(C)(C)C)cc21,8.031517,-10.335,42,ok
149,CC1(C)Cc2cc(Cl)ccc2C(=NC(Cc2ccccc2)c2nc(=O)cc[nH]2)N1,5.5670309,-9.104,29,ok
150,COCc1cc2cc(n1)OCCCCOc1cccc(c1)CC(C(O)CNC1(c3cccc(C(C)C)c3)CC1)NC2=O,8.0457573,-7.945,42,ok
151,CC(C)(C)c1cccc(CNC2CS(=O)(=O)CC(Cc3ccc4[nH]ccc4c3)C2O)c1,5.5606675,-10.556,31,ok
152,Cc1cc2cc(c1)C(=O)NC(C(O)CNCc1cccc(C(C)C)c1)COC/C=C/CCNC2=O,6.3010302000000005,-7.323,35,ok
153,CCCCN(C)C(=O)n1cc(C(=O)NC(Cc2cc(F)cc(F)c2)C(O)CNCc2cccc(CC)c2)c2cccnc21,8.0655012,-9.318,43,ok
154,CC(=O)NC(Cc1ccc(Cl)cc1)C(O)CNC1CC2(CCC2)Oc2ncc(CC(C)(C)C)cc21,8.080922099999999,-8.867,35,ok
155,COCC1CCN(C(C)C(=O)NC(Cc2cc(F)cc(F)c2)C(O)CNCc2cccc(OC)c2)C1=O,6.318759,-8.668,37,ok
156,CN1C(=O)CC(C)(C2CC2c2cccc(/C=C/c3ccccc3)c2)N=C1N,5.5376019,-9.717,27,ok
157,CCCNC(=O)c1ccc(-c2ccc(-c3ccccc3)n2Cc2cccc(N)n2)cc1,5.522878599999999,-8.518,31,ok
158,CC1(C)Cc2cc(Cl)ccc2C(=NC(Cc2ccccc2)c2nc(=O)c(C#N)c[nH]2)N1,6.3279023,-9.807,31,ok
159,Cc1cc(C2(c3cccc(-c4cncnc4)c3)N=C(N)N(C)C2=O)c(Cl)s1,6.3279023,-8.317,27,ok
160,CC1(C)Cc2cc(Cl)ccc2C(=NC(Cc2cscc2C2CC2)C(=O)O)N1,5.614393700000001,-8.272,27,ok
161,CN1C(=O)C2(CC(C)(C)Oc3ccc(-c4ccccn4)cc32)N=C1N,5.6265364,-8.852,25,ok
162,CC(C)(C)c1cccc(CNC2CS(=O)CC(Cc3cc(O)c(N)c(F)c3)C2O)c1,6.2757239,-10.162,30,ok
163,CN1C(=O)[C@@](c2ccc(OC(F)F)cc2)(c2cccc(C#CCCF)c2)N=C1N,8.0,-8.617,29,ok
164,CCCCc1cccc([C@@]2(c3ccc(OC(F)F)cc3)N=C(N)N(C)C2=O)c1,7.522878599999999,-8.216,28,ok
165,CC(=O)N[C@@H](Cc1cc(F)cc(F)c1)[C@H](O)CNC1(c2cccc(C(C)(C)C)c2)CCC1,6.2146702000000005,-10.12,32,ok
166,O=C(C1CNCC1c1ccccc1Br)N1CCC(c2ccccc2)CC1c1ccccc1,6.221849,-8.765,32,ok
167,CN1CCC(C)(c2cc(NC(=O)c3ccc(Cl)cn3)ccc2F)N=C1N,7.920818799999999,-9.784,26,ok
168,CC(NC(=O)c1cc(-c2nc(C(C)(N)Cc3ccccc3)no2)cc(N(C)S(C)(=O)=O)c1)c1ccc(F)cc1,5.7375488,-10.356,39,ok
169,CC(=O)NC(Cc1cc(F)cc(F)c1)C(O)CNC1(c2ccn(C(C)(C)C)n2)CCCCC1,5.7351823,-10.155,33,ok
170,CC1(C)Cc2cc(Cl)ccc2C(=NC(Cc2ccccc2)c2nc(=O)c(I)c[nH]2)N1,6.229147900000001,-9.489,30,ok
171,CC(=O)NC(Cc1cc(F)cc(F)c1)C(O)CNC1(c2cccc(-c3cscn3)c2)CCCCC1,6.9586072,-9.293,35,ok
172,COc1cccc(CNCC(O)C(Cc2ccccc2)NC(=O)C(CCc2ccccc2)N2CCC(CC3CC3)(NC(C)=O)C2=O)c1,7.9586072,-9.389,47,ok
173,CC(=O)N[C@@H](Cc1cc(F)cc(F)c1)[C@H](O)CN[C@]1(c2cccc(C(C)(C)C(F)F)c2)C[C@H]1C,5.7695513,-10.391,34,ok
174,CC(Cc1cc2cc(-c3ncccc3Cl)ccc2nc1N)C(=O)NCCC(C)(C)C,7.9586072,-8.651,30,ok
175,CCn1cc([C@@]2(c3cccc(-c4cccnc4F)c3)N=C(N)N(C)C2=O)cn1,5.7077441,-8.993,28,ok
176,CN1C(=O)C(c2cccc(-c3cccnc3F)c2)(c2cnn(CC(F)(F)F)c2)N=C1N,7.522878599999999,-9.104,31,ok
177,COc1cccc(-c2cccc(C3(C)CSCC(=N)N3)c2)c1,5.6989698,-8.388,22,ok
178,COc1cccc(-c2cccc(C3(C)CCSC(=N)N3)c2)c1,5.6989698,-8.556,22,ok
179,COc1ccc2c(c1)C1(COC(=N)N1)c1cc(-c3ccc(Cl)cc3)ccc1O2,5.6946487,-10.137,28,ok
180,CN1C(=O)C2(CC(C)(C)Cc3ccc(-c4cncc(Cl)c4)cc32)N=C1N,7.522878599999999,-8.99,26,ok
181,CC(NC(=O)c1cc(-c2noc(C(C)(N)Cc3ccccc3)n2)cc(N(C)S(C)(=O)=O)c1)c1ccc(F)cc1,5.6861329000000005,-10.164,39,ok
182,CN1C(=O)[C@@](c2ccc(OC(F)F)cc2)(c2cccc(OCCC(F)F)c2)N=C1N,8.0,-8.031,30,ok
183,COc1ccc2c(c1)C1(COC(=N)N1)c1cc(-c3ccncc3Cl)ccc1O2,5.675717400000001,-9.27,28,ok
184,COc1ccc(N(c2cccc(C(=O)NC(Cc3ccccc3)C(O)CNC(C)C(=O)NC3CCCCC3)c2)S(C)(=O)=O)cc1,7.9586072,-10.375,45,ok
185,C[C@@]1(c2cccc(-c3cccnc3)c2)N=C(c2ccccc2)C(=N)N1,4.0,-9.869,25,ok
186,CN1C(=O)C2(CC(C)(C)Sc3ccc(-c4cncc(Cl)c4)cc32)N=C1N,7.6575775,-8.761,26,ok
187,COc1cccc(-c2ccc(C3CC3c3cc(=O)n(C)c(N)n3)cc2)c1,4.844664099999999,-8.859,26,ok
188,NC1=N[C@](c2ccc(OC(F)(F)F)cc2)(c2cccc(-c3cccnc3F)c2)C2=NCCCCCN12,6.8860564,-7.354,36,ok
189,Nc1nc(C2(c3ccc(Cl)cc3)CCCC2)cs1,4.4202166,-7.252,18,ok
190,CCCc1cccc([C@@]2(c3ccc(OC(F)F)cc3)N=C(N)N(C)C2=O)c1,7.0457573,-8.299,27,ok
191,CCCCNC(=O)C(NC(=O)C(C)C[C@H](O)[C@@H]1CSC/C=C/CSCC(NC(=O)OC(C)(C)C)C(=O)NC(C)C(=O)N1)C(C)C,6.8068752,-6.582,45,ok
192,Cc1cc([C@]2(c3cccc(-c4cncnc4)c3)N=C(N)N(C)C2=O)ccn1,7.09691,-9.046,27,ok
193,O=C(C1CNC[C@]12CCCc1ccccc12)N1CC[C@@H](c2ccccc2)C[C@H]1c1ccccc1,6.823908800000001,-9.557,34,ok
194,COCc1cc2cc(c1)C(=O)N[C@H]([C@H](O)CNC1(c3cccc(C(C)C)c3)CC1)Cc1cccc(c1)OCCCCN2,7.769551299999999,-8.183,42,ok
195,CC(C)(C)c1cccc(CN[C@H]2CS(=O)(=O)C[C@@H](Cc3cc(F)c4c(c3)C3(CCC(F)(F)CC3)CN4)[C@@H]2O)c1,6.853871799999999,-10.653,39,ok
196,CN1C(=O)[C@@](c2ccc(OC(F)F)cc2)(c2cccc(C(=O)CCCF)c2)N=C1N,7.09691,-8.22,30,ok
197,CN1C(=O)[C@@](c2ccncc2)(c2cccc(-c3cc(F)ccc3F)c2)N=C1N,7.6989698,-9.525,28,ok
198,CCCC(CCC)S(=O)(=O)CC(NC(=O)OCc1ccccc1)C(=O)N[C@@H](Cc1ccccc1)[C@H](O)CNCc1cccc(OC)c1,6.9507818,-8.033,47,ok
199,CN1C(=O)[C@@](c2ccc(OC(F)F)cc2)(c2cccc([C@H](F)CCCF)c2)N=C1N,7.09691,-8.097,30,ok
200,COc1cccc(CNC[C@H](O)[C@H](Cc2cc(F)cc(F)c2)NC(=O)c2cc(C(C)=O)cc(N3CCCCS3(=O)=O)c2)c1,7.0457573,-10.627,43,ok
201,CC(C)Oc1cc(CN2CC[C@@]3(C[C@@H]2C)CN(C)S(=O)(=O)N3c2cccc(F)c2)ccc1O,7.0,-8.68,33,ok
203,CN1C(=O)C2(CC(C)(C)Oc3ccc(-c4cccnc4F)cc32)N=C1N,6.886056900000001,-8.976,26,ok
204,CC(NC[C@@H](O)[C@H](Cc1ccccc1)NC(=O)c1cccc(N(c2ccccc2)S(C)(=O)=O)c1)C(=O)NC1CCCCC1,7.823908800000001,-10.745,43,ok
205,C[C@@H](NC(=O)c1cc(C(=O)N[C@@H](Cc2ccccc2)[C@H](O)CNC2CC2)cc(N(C)S(C)(=O)=O)c1)c1ccccc1,7.823908800000001,-9.922,41,ok
206,O=C(C1CNCC12CCCc1cc(Br)ccc12)N1CCC(c2ccccc2)CC1c1ccccc1,7.154902000000001,-9.746,35,ok
207,COc1cccc(-c2cccc(C3(c4ccncc4)N=C(C)C(=N)N3)c2)c1,6.769551299999999,-8.992,27,ok
208,CCCN(CCC)C(=O)c1cc(C(N)=O)cc(C(=O)N[C@@H](Cc2cc(F)cc(F)c2)[C@H](O)CNCc2cccc(OC)c2)c1,7.9586072,-9.59,44,ok
209,COCCN(C)C(=O)n1cc(C(=O)NC(Cc2cc(F)cc(F)c2)C(O)CNCc2cccc(OC)c2)c2cccnc21,7.1366773,-9.387,43,ok
210,CC(=O)NC(Cc1cc(F)cc(F)c1)C(O)CNC1(c2cccs2)CCCCC1,4.522878599999999,-9.025,29,ok
211,CCCC(Cc1cc2cc(-c3ccccc3C)ccc2nc1N)C(=O)NCC1CCCCC1,7.9586072,-9.545,33,ok
212,C[C@]1(c2cc(NC(=O)c3ccc(C#N)cn3)ccc2F)N=C(N)OC[C@H]1F,6.3615108,-9.716,27,ok
213,COc1c(C)cc([C@@]2(c3cccc(-c4cncnc4)c3)N=C(C)C(=N)N2)cc1C,7.920818799999999,-9.373,29,ok
214,N#CCCCOc1ccc(-c2ccc(-c3ccccc3Cl)n2Cc2cccc(N)n2)cc1,6.3767509,-8.546,32,ok
215,CCCCCOc1ccc(-c2ccc(-c3ccccc3Cl)n2Cc2ccc(NCCO)c(N)n2)cc1,6.769551299999999,-8.287,36,ok
216,CC(C)NC(=O)CCCn1c(N)nc2cc(Cl)ccc21,3.7144427,-6.905,20,ok
217,CCc1cnc2c(c1)C(NCC(O)C(Cc1ccccc1)NC(C)=O)CC1(CCC1)O2,7.0409584,-9.761,31,ok
218,C[C@]1(c2cc(NC(=O)c3ccc(C#N)cn3)ccc2F)N=C(N)O[C@H](C(F)(F)F)[C@@H]1F,7.8860564,-10.345,31,ok
219,COc1ccccc1N(c1cccc(C(=O)NC(Cc2ccccc2)C(O)CNC(C)C(=O)NC2CCCCC2)c1)S(C)(=O)=O,6.8996296,-10.67,45,ok
220,C[C@@H](NC(=O)c1cc(C(=O)OC[C@@](N)(CO)Cc2ccccc2)cc(N(C)S(C)(=O)=O)c1)c1ccc(F)cc1,6.6989698,-9.239,39,ok
221,CC(NC(=O)c1cc(SCCC(N)(CO)Cc2ccccc2)cc(N(C)S(C)(=O)=O)c1)c1ccc(F)cc1,4.0,-9.417,38,ok
222,N=C1NC2(c3cccc(NC(=O)c4ccc(Cl)cn4)c3)CC2CCS1,4.3851027,-7.65,25,ok
223,C[C@@]1(c2cc(NC(=O)c3ccc(Cl)cn3)ccc2F)C[C@@H]2C[C@@H]2C(=N)N1,7.0177288,-9.952,26,ok
224,CCCCN(CCCC)C(=O)n1cc(C(=O)N[C@@H](Cc2ccccc2)[C@H](O)CNCc2cccc(OC)c2)c2ccccc21,7.026872200000001,-9.199,44,ok
225,CCCCNC(=O)NCc1ccc(CN2C(=O)C(CCc3ccccc3)(CC(C)C)N=C2N)cc1,4.3010302000000005,-9.493,35,ok
226,Cc1cc(C2(c3cccc(-c4cncnc4)c3)N=C(N)N(C)C2=O)cs1,6.853871799999999,-8.591,26,ok
227,CC(=O)NC(Cc1cc(F)cc(F)c1)C(O)CNC1(c2cccc(C(C)(C)C)c2)CC1,6.853871799999999,-9.582,31,ok
228,CC(=O)NC(Cc1cc(F)cc(F)c1)C(O)CNC1(c2cccc(C3CCOC3)c2)CCCCC1,7.055517200000001,-9.075,35,ok
229,CCC(CC(=O)NCc1ccccc1)n1c(N)nc2cc(Cl)ccc21,4.142667299999999,-9.097,25,ok
230,CCCCNC(=O)C(C)C[C@H](O)[C@H](CC(C)C)NC(=O)C(CCSC)NC(=O)C(CC(C)C)NC(C)=O,7.2757239,-7.549,37,ok
231,C[C@@]1(c2cc(NC(=O)c3ccc(C#N)cn3)ccc2F)CCOC(=N)N1,7.292399900000001,-10.186,26,ok
232,N#Cc1ccc(C(=O)Nc2ccc(F)c([C@@]3(CF)N=C(N)OCC3(F)F)c2)nc1,7.309804,-10.048,29,ok
233,CC(C)Oc1cccc(-c2ccc(C3CC3c3cc(=O)n(C)c(N)n3)cc2)c1,4.2676063,-8.802,28,ok
234,O=C(C1CNCC1c1ccccc1Br)N1CCCCC1c1ccccc1,4.2441254,-8.003,26,ok
235,CN1C(=O)[C@]2(CC(C)(C)Cc3ccc(-c4cncnc4)cc32)N=C1N,7.318759,-9.636,25,ok
236,COC1CCC(NCC(O)C(Cc2cc(F)cc(F)c2)NC(C)=O)(c2cccc(C(C)(C)C)c2)CC1,6.853871799999999,-9.057,36,ok
237,Cn1c(N)nc(C2CC2c2ccc(-c3ccco3)cc2)cc1=O,4.229147900000001,-8.999,23,ok
238,COc1ccc([C@]2(c3cccc(-c4cccnc4)c3)N=C(N)N(C)C2=O)cc1C,7.3979402,-9.042,29,ok
239,CCc1coc2c(N3CCCC3=O)cc(C(=O)NC(Cc3ccccc3)C(O)CNCc3cccc(C(F)(F)F)c3)cc12,7.0604806,-10.524,43,ok
240,CCc1ccc2c(c1)[C@@H](NC[C@@H](O)[C@@H]1Cc3cccc(c3)CCCCCCCC(=O)N1)CC1(CCC1)O2,7.443697500000001,-8.823,37,ok
241,CN1C(=O)C(c2ccsc2)(c2cccc(-c3cncnc3)c2)N=C1N,7.154902000000001,-8.298,25,ok
242,CCNc1cc(C(=O)N[C@@H](Cc2ccccc2)[C@H](O)CNC(C)(C)CCCC(C)C)cc(N2CCCC2=O)c1,7.481485799999999,-9.127,39,ok
243,O=C(C1CNCC1c1ccccc1Br)N1CCOCC1c1ccccc1,4.3279023,-7.83,26,ok
244,CC(=O)NC(Cc1cc(F)cc(F)c1)C(O)CNC1(c2nc(C(C)(C)C)co2)CC1,4.3677454,-9.42,30,ok
245,CC(NC(=O)c1cc(NCCC(N)(CO)Cc2ccccc2)cc(N(C)S(C)(=O)=O)c1)c1ccc(F)cc1,4.0,-9.273,38,ok
246,CCCc1cc(CC2CS(=O)(=O)CC(NCc3cccc(C(C)(C)C)c3)C2O)cc(F)c1N,6.8860564,-9.164,33,ok
247,COc1ccc2c(c1)C1(COC(=N)N1)c1cc(-c3cccc(Cl)c3)ccc1O2,6.8860564,-9.618,28,ok
248,Cc1cc2cc(c1)[C@@H](O)N[C@@H](c1ccccc1)C/C=C/COC[C@@H]([C@H](O)CNCc1cccc(C(C)C)c1)NC2=O,7.1079054,-8.258,41,ok
249,CC(=O)NC(Cc1cc(F)cc(F)c1)C(O)CNC1(c2cc(CC(C)(C)C)cs2)CCCCC1,6.882728599999999,-9.149,34,ok
250,N=C1NC2(c3cccc(-c4cncc(Cl)c4)c3)CCOCC2O1,4.3391347,-8.822,23,ok
251,CC(C)c1cccc(CNC[C@@H](O)[C@@H]2C[C@H](C)CCCCCCCCC(=O)N(C)C(C)C(=O)N2)c1,7.5686364,-6.914,35,ok
252,COC(COCc1ccccc1)CC(O)C(COc1cc(F)cc(F)c1)NC(=O)c1cc(C(=O)NC(C)c2ccccc2)cc(N(C)S(C)(=O)=O)c1,6.6197886,-10.337,52,ok
253,Nc1nc2cc(Cl)ccc2n1CCCC(=O)NCC1CCCCC1,4.0809221,-8.52,24,ok
254,N#Cc1ccc(C(=O)Nc2ccc(F)c([C@@]3(CF)N=C(N)OC[C@@H]3F)c2)nc1,7.1135092,-9.739,28,ok
255,CCc1cc(C2(c3cccc(-c4cncnc4)c3)N=C(N)N(C)C2=O)cs1,7.09691,-8.584,27,ok
257,CCC(CC(=O)NC(COC(C)(C)C)C(=O)OC)n1c(N)nc2cc(Cl)ccc21,4.124939,-8.05,29,ok
258,C[C@@H](NC(=O)c1cc(C(=O)N[C@@H](Cc2ccccc2)[C@H](O)C2NC(C)(C)N(C)C2=O)cc(N(C)S(C)(=O)=O)c1)c1ccc(F)cc1,7.1487417,-10.977,46,ok
259,CN1C(=O)[C@@](c2ccncc2)(c2cccc(-c3cccnc3)c2)N=C1N,7.221849000000001,-8.786,26,ok
260,COc1ccc([C@]2(c3cccc(-c4cncnc4)c3)N=C(N)c3nc(C)sc32)cc1,6.2006593,-8.703,30,ok
261,COc1cccc(-c2cccc([C@]3(C)CC(=O)N(C)C(N)=N3)c2)c1,6.4202166,-8.86,24,ok
262,CCC(CC(=O)NCCC1CCNC1)n1c(N)nc2cc(Cl)ccc21,3.5686362000000003,-7.706,25,ok
263,CS(=O)(=O)N(c1ccncc1)c1cccc(C(=O)NC(Cc2ccccc2)C(O)CNCc2cccc(C(F)(F)F)c2)c1,6.677780599999999,-9.63,43,ok
264,CC(C)Oc1cccc(CN2CC[C@@]3(C[C@@H]2C)CN(C)S(=O)(=O)N3c2cccc(F)c2)c1,5.6197886,-8.586,32,ok
265,Cc1ccc(Nc2cc(-c3ccccc3)ncn2)cc1NS(C)(=O)=O,4.6197886,-8.83,25,ok
266,CC(C)c1cc(C2(c3cccc(-c4cncnc4)c3)N=C(N)N(C)C2=O)ccn1,7.154902000000001,-8.823,29,ok
267,CCC[C@H]1C(C(=O)N[C@@H](Cc2ccccc2)[C@H](O)CNC2CC2)=CN(CC(=O)OC(C)C)C=C1C(=O)OC(C)(C)C,4.6090651,-8.243,41,ok
268,COc1ccc(C2(c3cccc(-c4cncnc4)c3)N=C(N)N3CC(F)(F)CN=C32)cc1,7.0,-9.319,32,ok
269,CC1(C)CN2C(N)=N[C@](c3ccc(OC(F)(F)F)cc3)(c3cccc(-c4cccnc4F)c3)C2=N1,6.7212462,-9.53,35,ok
270,CN(C)CC(=O)Nc1ccc(CC2CS(=O)(=O)CC(NCc3cccc(C(C)(C)C)c3)C2O)cc1F,7.2146702,-8.629,36,ok
271,CC#Cc1cncc(-c2cc(C3(C4CC4)N=C(C)C(=N)N3)ccc2O)c1,7.2146702,-9.339,26,ok
272,COCC(Oc1cc(CC2CS(=O)CC(NCc3cccc(OC(F)(F)F)c3)C2O)cc(F)c1N)C(F)(F)F,6.673664100000001,-8.63,39,ok
273,CN1C(=O)[C@@](c2ccc(OC(F)F)cc2)(c2ccc(F)c(OCCF)c2)N=C1N,6.920818799999999,-7.874,29,ok
274,CCCCCS(=O)(=O)CC(NC(=O)c1cccnc1)C(=O)N[C@@H](Cc1cc(F)cc(F)c1)[C@H](O)CNCc1cccc(CC)c1,8.6989698,-8.928,45,ok
275,CC(C)c1cccc(CNC[C@@H](O)[C@H](Cc2ccccc2)NC(=O)C2CCC[C@H](C(C)(C)N3CCCCC3=O)C2)c1,8.6020603,-10.301,41,ok
276,COc1ccc(C2(c3cccc(-c4cccnc4F)c3)N=C(N)N3CCCN=C32)cc1,7.154902000000001,-9.646,31,ok
277,CC(=O)N[C@@H](Cc1cc(F)cc(F)c1)[C@H](O)CNC(C)(C)c1cccc(C(C)(C)C)c1,6.6989698,-9.788,31,ok
278,CN1C(=O)[C@@](c2ccc(OC(F)F)cc2)(c2cccc(OCCC(F)(F)F)c2)N=C1N,6.6989698,-8.15,31,ok
279,C=C(C)c1cccc(C2(NCC(O)C(Cc3cc(F)cc(F)c3)NC(C)=O)CCCCC2)c1,7.0,-10.259,33,ok
280,CCCOc1cccc(CN2CCC3(CNS(=O)(=O)N3c3cccc(F)c3)CC2C)c1,4.6363878,-8.525,31,ok
281,CC1(c2cc(NC(=O)c3ncc(Cl)cn3)ccc2F)N=C(N)OCC1(F)F,7.1739254,-10.125,27,ok
282,Nc1nc2cc(Cl)ccc2n1CCCC(=O)NCc1ccccn1,3.3705904,-8.37,24,ok
283,CCCN(CCC)C(=O)c1cc(C)cc(C(=O)N[C@@H](Cc2cc(F)cc(F)c2)[C@H](O)C2NCN(Cc3ccccc3)C2=O)c1,8.3010302,-9.939,44,ok
284,CN1C(=O)C(c2cccc(-c3cccnc3)c2)(c2ccc3c(c2)CCO3)N=C1N,6.920818799999999,-9.396,29,ok
285,CCC(CC(=O)NCc1cccc(F)c1)n1c(N)nc2cc(Cl)ccc21,3.4685211,-9.099,26,ok
286,COC[C@@H](Oc1cc(C[C@@H]2CS(=O)C[C@H](NCc3cccc(C(C)(C)C)c3)[C@H]2O)cc(F)c1N)C(F)(F)F,8.3979397,-9.976,38,ok
287,CC(=O)N[C@@H](Cc1ccc(F)cc1)[C@H](O)CN[C@H]1CC2(CCC2)Oc2ncc(CC(C)(C)C)cc21,8.3010302,-10.683,35,ok
288,CCCN(CCC)C(=O)c1cc(C)cc(C(=O)N[C@@H](Cc2cc(F)cc(F)c2)[C@H](O)[C@H]2C[C@@H](OCC)CCN2)c1,8.1549015,-9.747,40,ok
289,CC(C)CC(CC(=O)NC(C)C)n1c(N)nc2cc(Cl)ccc21,3.6090648,-7.075,23,ok
290,O=S1(=O)C[C@@H](Cc2ccc(O)c(Br)c2)[C@H](O)[C@@H](NCc2cccc(C3CC3)c2)C1,6.0222764,-9.611,29,ok
291,N=C1NC2(c3cccc(NC(=O)c4ccccn4)c3)CCCCC2O1,3.6989701,-9.541,25,ok
292,COC(=O)NC1CCC(NCC(O)C(Cc2cc(F)cc(F)c2)NC(C)=O)(c2cccc(C(C)(C)C)c2)CC1,6.6197886,-9.26,39,ok
293,CC(=O)c1ccc(Oc2ccc(-c3ccc(-c4ccccc4Cl)n3CC(=O)N=C(N)N)cc2)cc1,6.154902,-9.609,35,ok
294,N=C1NC2(c3cccc(NC(=O)c4ccc(F)cn4)c3)CCOCC2O1,4.5638375,-9.607,26,ok
295,CCCCC1CCN(C(C)C(=O)NC(Cc2cc(F)cc(F)c2)C(O)C2CC(O)CN2)C1=O,7.0177288,-8.977,33,ok
296,CC(=O)N[C@@H](Cc1cc(F)cc(F)c1)[C@H](O)CNC1(c2cccc(C(C)(C)C(F)F)c2)CC1,6.6382723,-9.818,33,ok
297,CCC[C@@H]1C(C(C)=O)=C(C)N(CC(=O)OC(C)C)C(C)=C1C(=O)N[C@@H](Cc1ccccc1)[C@H](O)CNc1cccc(F)c1,4.5670309,-9.066,43,ok
298,COc1cncc(-c2cccc(CNc3cccnc3N)c2)c1,4.3979402,-8.141,23,ok
299,COc1cccc([C@@]2(c3ccccc3)N=C(N)N3CCCN=C32)c1,4.6925039,-7.904,24,ok
300,CC(C)(C)c1cccc(CN[C@H]2CS(=O)C[C@@H](Cc3cc(F)c(N)c(OC(C(F)(F)F)C(F)(F)F)c3)[C@@H]2O)c1,8.6989698,-10.138,39,ok
301,C=CCO/N=C(/C)c1cc(C(=O)N[C@@H](Cc2cc(F)cc(F)c2)[C@@H](O)CNCc2cccc(OC)c2)cc(N2CCCCS2(=O)=O)c1,6.9546771,-10.077,47,ok
302,CC1(C)Cc2ccccc2C(=NC(Cc2ccccc2)C(=O)O)N1,4.5654311,-8.953,24,ok
